日本語,pdfplumber値,PyMuPDF値,Page,No
技能実習,ការហ្វឹកហ្វឺនជំនាញ,ករា ហវឹ្កហវឺ្នជំនញា,1,1
技能実習生,កម្មសិកាការហ្ី វឹកហ្វឺន ជំនាញ,"កមមស្ ិកាការហី វឹ្កហវឺ្ន
ជំនញា",1,2
工場,រោងចក្ក,រោងចកក្,1,3
製造,ការផលិត,ករា ផលិត,1,4
安全,ស វតថិភាព,ស វតថិភពា,1,6
危険（な）,(ដែល)រក្រោះថ្នា ក់,(ដែល)រករ្ ោះថា ក្ន់,1,7
危ない,រក្រោះថ្នា ក់,រករ្ ោះថា ក្ន់,1,8
清掃,សមា ត,សមា តា,7,4
非常口,ផល វូ ោសនា,ផលវូ ោសនា,1,10
注意,ការក្រងុ ក្រយ័តា,ករា ករ្ ងុ ករ្ យ័តា,1,11
火事,អគ្ាិភ័យ,អគាិ្ភ័យ,1,12
服装,សរម្លៀករំពាក់,សរមលៀ្ ករំពកា ់,1,14
安全装置,ឧរករណ៍ស វតថិភាព,ឧរករណ៍ស វតថិភពា,1,15
安全カバー,គម្របសុវត្ថិភាព,គមរ្ បសុវតថិ្ភពា,2,1
安全カバー,គម្របសុវត្ថិភាព,គមរ្ បសុវតថិ្ភពា,25,1
けがをする,មានរបួស,មនា របួស,2,3
非常停止ボタン,ប៊ូ ត្ុងបញ្ឈប់ពពល អាសនន,"ប៊ូ តុង្ បញឈ្ ប់ពពល
អសា នន",2,6
非常停止ボタンを押す,ចុចប៊ូ ត្ុងបញ្ឈប់ពពល អាសនន,"ចុចប៊ូ តុង្ បញឈ្ ប់ពពល
អសា នន",2,7
止める,បញ្ឈប់,បញឈ្ ប់,2,10
機械を止める,បញ្ឈប់មា៉ា សុីន,បញឈ្ ប់ម៉ា សា ុីន,2,11
止めて,ស៊ូរបញ្ឈប់,ស៊ូរបញឈ្ ប់,2,13
だめ（な）,(ដែល)រិនបាន,(ដែល)រិនបនា,2,15
監理団体,អង្គភាពគ្រប់គ្រង្,អងគភ្ ពា គរ្ ប់គរ្ ង្,3,1
技術移転,ការណទេរបណចេកវទ្យិ ា,ករា ណទេរបណចេកវទិ ា្យ,3,2
技能実習期間,រយៈណពលហ្វឹកហ្វឺនជំនញ,រយៈណពលហវឹ្កហវឺ្នជំនញ,3,3
職種,គ្បណេទ្យមុខរបរ,គប្ ណេទ្យមុខរបរ,3,4
在留資格,អាជ្ញា ប័េណ ស្នា ក់ណៅ,អជា ា ប្ញ័េណសា ក្ន់ណៅ,3,5
パスポート,លិខិតឆ្លង្ដែន,លិខិតឆលង្ ដ្ ែន,3,6
在留カード,ប័េណ ស្នា ក់ណៅ,ប័េណសា ក្ន់ណៅ,3,7
入管,អណនា គ្បណវសន៍,អណនា គប្ ណវសន៍,3,8
在留期間,រយៈណពលស្នា ក់ណៅ,រយៈណពលសា ក្ន់ណៅ,3,9
雇用契約,កិចេសនាការងារ,កិចេសនាករា ងរា,3,10
給与明細,បងាា នន់ ែណបើកគ្ាក់ ណបៀវតស,"បងា នា ន់ ែណបើកគា្ ក់
ណបៀវតស",3,11
給料,គ្ាក់ណបៀវតស,គា្ ក់ណបៀវតស,3,12
残業手当,គ្ាក់ឈ្ន លួ ដែមណ ៉ោ ង្,គា្ ក់ឈនល្ួ ដែមណ ៉ោ ង្,3,13
労働時間,ណ ៉ោ ង្ណ្វើការ,ណ ៉ោ ងណ្ ្វើករា,3,14
控除（する）,(ធ្វើការ)ការកាត់ថ្លៃ,(ធ្វើករា )ករា កតា ់ថល្ ៃ,4,1
ボーナス,ប្រាក់រំណាច់,បា្រ ក់រំណចា ់,4,2
有休,ការសប្រមាកមានប្រាក់ ធរៀវតស,"ករា សបម្រ កា មនា បា្រ ក់
ធរៀវតស",4,3
代休,ថ្លៃឈរ់សប្រមាកធលើកថ្លៃ,ថល្ ៃឈរ់សបម្រ កា ធលើកថល្ ៃ,4,4
労働基準法,ចារ់រទដាា នការងារ,ចារ់រទដា នា ករា ងរា,4,5
労働条件,ល័កខែ័ណឌការងារ,ល័កខែ័ណឌករា ងរា,4,6
所得税,ពនធធលើប្រាក់ចំណូ ល,ពនធលើបា្រ ក់ចំណូ ល,4,8
住民税,ពនធនិវាសនជន,ពនធនិវសា នជន,4,9
厚生年金,ប្រាក់ធសា្ននិវតាន៍ ររស់និធោជិក,"បា្រ ក់ធស្ា ននិវតាន៍
ររស់និធោជិក",4,10
雇用保険,ធានារា៉ារ់រងការងារ,ធនា រា ៉ារា ់រងករា ងរា,4,11
健康保険,,ធនា រា ៉ារា ់រងស ែភពា,4,12
社会保険,ធានារា៉ារ់រងសងគម,ធនា រា ៉ារា ់រងសងគម,5,13
労災,ធប្រគ្មុះថ្នន ក់ការងារ,ធបគ្រ ុ្មះថនក្ន់ករា ងរា,5,14
労災保険,ធានារា៉ារ់រងធលើធប្រគ្មុះ ថ្នន ក់ការងារ,"ធនា រា ៉ារា ់រងធលើធបគ្រ ុ្មះ
ថនក្ន់ករា ងរា",5,15
遅刻（する）,(ធ្វើការ) មកយឺត,(ធ្វើករា ) មកយឺត,6,1
早退（する）,(ធ្វើការ) ធេញមុនធេល,(ធ្វើករា ) ធេញមុនធេល,6,2
休憩（する）,(ធ្វើការ) សម្រាក,(ធ្វើករា ) សមា្រ ក,6,3
残業（する）,(ធ្វើការ) ការងារថែមធា៉ោ ង,(ធ្វើករា ) ករា ងរា ថែមធា៉ោ ង,6,4
定時,ធេលធ ៀងទាត់,ធេលធ ៀងទតា ់,6,5
規則,ប បញ្ជា,ប បញា ្ជ,6,6
休日,ថ្ែៃឈប់សម្រាក,ថែ្ ៃឈប់សមា្រ ក,6,7
始業時間,ធា៉ោ ងចាប់ធ្តើមការងារ,ធា៉ោ ងចបា ់ធ្តើមករា ងរា,6,8
終業時間,ធា៉ោ ងបញ្ចប់ការងារ,ធា៉ោ ងបញចប្ ់ករា ងរា,6,9
指導員,អ្នកបងាា តប់ ធម្រងៀន,អនក្ បងា តា ប់ ធមង្រ ៀន,6,10
生活指導員,អ្នកបងាា តប់ ធម្រងៀនេីការ រស់ធៅ,"អនក្ បងា តា ប់ ធមង្រ ៀនេីករា
រស់ធៅ",6,11
担当者,អ្នក ួលខុសម្រតេូ,អនក្ ួលខុសមត្រ េូ,6,12
スイッチ入れるな,កុំធបើកេរនតអ្គ្គិសនី,កុំធបើកេរនតអគ្ គិ្សនី,6,13
スイッチ切るな,កុំបិ េរនតអ្គ្គិនសី,កុំបិ េរនតអគ្ គិ្នសី,6,14
使用禁止,ហាមធម្របើម្រាស់,ហមា ធមប្រ ើមា្រ ស់,6,15
整理,មាៃរបបៀប,មៃា របបៀប,7,2
清潔,ស្ថា ត,សា ត្ថ,7,5
掃除（する）,(ប្វីការ)សមាា ត,(ប្វីករា )សមា តា,7,7
片づける,បរៀបចាំ,រ ៀបចំ,46,1
捨てる,បចល,រោល,46,2
汚い,ក្ខ្វក្់,កខ្ វក្ ់្,8,10
汚れる,្បលាក្់,្បលកា ់្,8,11
分別（する）,(ប្វីការ)ដបងដចក្,(ប្វីករា )ដបងដចក្,8,12
燃えないごみ,ស្មាមមិៃប ះ,ស្មមា មិៃប ះ,8,13
燃えるごみ,ស្មាមប ះ,ស្មមា ប ះ,8,14
挟まれる,គ្នប,គប្ន,8,15
巻き込まれる,្តវូ ាៃពាក្់ព័ៃធ,្តវូ ាៃពកា ់ព្ ័ៃធ,8,16
やけど（する）,(មាៃ)រលាក្,(មៃា )រលកា ្,8,17
衛生,អនាម័យ,អនមា ័យ,9,22
避難（する）,(ប្វីការ)្បមែៀស,(ប្វីករា )្បមែៀស,9,23
救急車,ឡាៃសប្ងាគ ះបនាា ៃ់,ឡៃា សប្ងគះា បនា ៃា ់,9,24
災害,ប្គ្នះមហៃតោយ,ប្គះ្នមហៃតោយ,9,25
地震,ការរញ្ជ យួ ែី,ករា រញជ្យួ ែី,9,26
火気厳禁,ហាមដាច់ខាតប្រើប្លើង,ហមា ដចា ់ខតា ប្រើប្លើង,10,1
火気厳禁,ហាមដាច់ខាតប្រើប្លើង,ហមា បងា ត្ក់ភ្លើង,17,3
開放厳禁,ហាមដាច់ខាតបរើកចំហ,ហមា ដចា ់ខតា បរើកចំហ,10,2
標識,សញ្ញា,សញា ្ញ,10,3
防ぐ,រង្កា រ,រងា រ្ក,10,6
煙,ផ្សែង,ផស្ ែង,10,8
消火,ព្នលត់អគ្គិ្័យ,ព្នលត់អគគិ្ ័យ,10,9
消火器,ឧរករណ៍ព្នលត់អគ្គិ្័យ,ឧរករណ៍ព្នលត់អគគិ្ ័យ,10,10
消火器,ឧរករណ៍ព្នលត់អគ្គិ្័យ,បំពង់​ពលលត់​អគគិ្ ័យ,18,11
非常ベル,កណតឹងអាសនន,កណតឹងអសា នន,10,11
火災報知機,កណតឹង្រកាសអគ្គិ្័យ,កណតឹង្រកសា អគគិ្ ័យ,10,12
逃げる,រត់បគ្ច,រត់បគច្,10,13
現場,កផ្នលងការង្ករ,កផន្ លងករា ងរ្ក,10,14
作業,ការង្ករ,ករា ងរ្ក,10,15
ミーティング,ការ្រជុំ,ករា ្រជុំ,10,16
研修（する）,(ប្វើការ)កមមសិកា,(ប្វើករា )កមសិកា,10,17
実習（する）,(ប្វើការ)សិកា,(ប្វើករា )សិកា,11,18
あいさつ,ររវកិចច,ររវកិច,11,19
確認（する）,(ប្វើការ)រញ្ញា ក់,(ប្វើករា )រញា ក្ញ ់,11,20
確認（する）,(ប្វើការ)រញ្ញា ក់,(ករា )បញា ក្ជ់,14,16
報告（する）,(ប្វើការ)ការោយការណ៍,(ប្វើករា )ករា ោយករា ណ៍,11,21
連絡（する）,(ប្វើការ)ទាក់ទង,(ប្វើករា )ទកា ់ទង,11,22
相談（する）,(ប្វើការ)ព្ិភាកា,(ប្វើករា )ពិ្ភកា ា,11,23
渡す,ឆ្លងកាត់,ឆលង្ កតា ់,11,24
申請書,ពាកែបសនើសុំ,ពកា ែបសនើសុំ,11,25
寝坊（する）,(ប្វើការ)បគ្ង្ជលុ,(ប្វើករា )បគង្ ្ជលុ,11,26
技能,ជំនាញ,ជំនញា,12,1
技能検定試験,ប្រឡងសមត្ថិភាពជំនាញ,បរ្ ឡងសមតថិភ្ ពា ជំនញា,12,2
受検（する）,(ធ្វើ)ការប្រឡង,(ធ្វើ)ករា បរ្ ឡង,12,3
資格,សមត្ថភាព(ជំនាញ),សមតថភ្ ពា (ជំនញា ),12,4
手当,ប្ាក់ឧរត្ថមភ,បា្ ក់ឧរតថម្ ភ,12,5
社員,រុគ្គលកិ ប្កមុ ហ ុន,រុគគល្ កិ បក្ មុ ហ ុន,12,6
部長,ប្រធានផ្នែក,បរ្ ធនា ផន្ ែក,12,7
課長,ប្រធានការយាិ លយ័,បរ្ ធនា ការយិ លា យ័,12,8
更衣室,រនទរផ្ល់ ា ស់សធមាៀករំពាក់,រនទរផ់ ា ស្ល់សធមាៀករំពកា ់,12,9
床,កប្ាល,កបា្ ល,12,11
出口,ប្រកធរញ,បរ្ កធរញ,12,12
電気,អគ្គីសនី,អគគីស្ នី,12,13
警報音,សធមាងប្រកាសអាសនែ,សធមាងបរ្ កសា អសា នែ,12,14
コンセント,ប្ពីធ្ាើង,បព្ ីធ្ាើង,12,15
作業場,កផ្នាងធ្វើការ,កផន្ ាងធ្វើករា,12,16
作業台,ត្ុធ្វើការ,តុធ្ ្វើករា,12,17
工事現場,ការដ្ឋា នសំណង់,ករា ដា ន្ឋ សំណង់,12,18
職長,អែកដឹកនាំប្កមុ,អែកដឹកនំាបក្ មុ,12,19
職長,អែកដឹកនាំប្កមុ,មេករា,24,25
作業責任者,អែកទទួលខុសប្ត្វូ ការងារ,អែកទទួលខុសបត្ វ្ូ ករា ងរា,12,20
禁止,ហាម,ហមា,13,1
表示板,ផ្ទ ងាំ បង្ហា ញព័ត៍មាន,ផទង្ាំ បងា ញ្ហព័ត៍មនា,13,2
禁止事項,ប្បការហាមឃាត់,បប្ ករា ហមា ឃតា ់,13,3
避難訓練,ហ្វកឹ ហាត់ជមមលៀសមេញ,ហវកឹ្ ហតា ់ជមមលៀសមេញ,13,4
挟まる,គាប,គបា,13,9
足元,មជើងមប្កាម,មជើងមបក្ មា,13,10
後片付け,ការមរៀបេាំមពលមប្កាយ,ករា មរៀបេាំមពលមបក្ យា,13,12
救急箱,ប្បអប់សមប្ង្ហគ ោះបន្ទទ ន់,បប្ អប់សមបង្ គោ្ហបះ នទន្ទ់,13,13
絆創膏,បនទោះបិទមលើស្នា មរបួស,បនទោបះ ិទមលើសា ម្នរបួស,13,14
体調,ស្នេ នភាពសុខភាពខល នួ,សេ្នភពា សុខភពា ខលនួ,13,15
血,ឈាម,ឈមា,13,16
熱中症,ការដួលសនលបម់ ោយស្នរ កមតៅ,"ករា ដួលសនលបម់ ោយសរ្ន
កមតៅ",13,17
吐き気,េង់កអ តួ,េង់កអតួ,13,18
気分が悪い,មិនប្សួលខល នួ,មិនបស្ ួលខលនួ,13,21
寝不足,មគ្ងមិនប្គ្ប់,មគ្ងមិនបគ្ ប្ ់,13,22
安全ネット,សាំណាញ់សុវតេិភាព,សាំណញា ់សុវតេិភពា,13,23
安全点検,ប្តួតពិនិតយសុវតេិភាព,បត្ ួតពិនិតយសុវតេិភពា,13,24
KY活動（危険予知活動）,សកម្មភាពKY (សកម្មភាពពាករណ៏ហា នីភយ)័,"សកមមភ្ ពា KY
(សកមមភ្ ពា ពាករណ៏ហា
នីភយ)័",14,1
危険,គ្រោះថ្នា ក់,គ្រោះថា ក្ន់,14,2
ぶつかる,ប ោះទង្គិច,ប ោទះ ងគិច្,14,3
下敷きになる,កិនសង្ារ់,កិនសងារ្ ់,14,5
バランスを崩す,បារ់បង្់រ លយភាព,បរា ់បង់រ្ លយភពា,14,7
指差呼称,ចង្អ ុលគៅគ្ម ោះ,ចងអុល្ គៅគ្មោះ,14,10
ヒヤリハット,គសទើបរនឹង្មនគ្រោះថ្នា ក់,គសទើបរនឹងម្ នគ្រោះថា ក្ន់,14,11
原因,ម្ូលគេរ,មូល្ គេរ,14,12
対策,វធ្លិ នការ,វធិ ន្លករា,14,13
作業着,សម្លៀកបំពាក់ម្វើការ,សម្លៀកបំពកា ់ម្វើករា,15,1
作業服,សម្លៀកបំពាក់ការងារ,សម្លៀកបំពកា ់ករា ងរា,15,2
作業靴,ស្សែកម ើងការងារ,សស្ ែកម ើងករា ងរា,15,3
保護帽（ヘルメット）,្ួកការពារ(្ួកបងាា រ មររោះថ្នា ក់),"្ួកករា ពរា (្ួកបងា រា
មររោះថា ក្ន់)",15,6
保護帽（ヘルメット）,្ួកការពារ(្ួកបងាា រ មររោះថ្នា ក់),មួ្កករា ពរា,31,7
保護具,ឧបករណ៏បងាា រមររោះថ្នា ក់,ឧបករណ៏បងា រា មររោះថា ក្ន់,15,7
あごひも,ស្សែរកវ៉ាត់ចងាា រ,សស្ ែរកវ៉ាត់ចងា រា,15,8
保護メガネ,ស្វនតាការពារ,សវ្ នតកា រា ពរា,15,11
耳栓,ឆ្ន ុករតមចៀក,ឆនុក្ រតមចៀក,15,13
安全靴,ស្សែកម ើងសុវតថភាិ ព,សស្ ែកម ើងសុវតថភិ ពា,15,14
業務,កិចចការ,កិចករា,16,16
時間厳守,របកាន់មពលមវលាខាា ប់សជ នួ,របកនា ់មពលមវលខា ា បា ់សជនួ,16,17
日付,កាលបរមិចេទ,កលា បរមិចេទ,16,19
準備（する）,(ការ)មរតៀ្,(ករា )មរតៀ្,16,20
会議,ការរប ុំ,ករា រប ុំ,16,21
朝礼,ការរប ុំមពលរពឹក,ករា រប ុំមពលរពឹក,16,22
報告書,មសចកតរាី យការណ៏,មសចកតរី យា ករា ណ៏,16,23
マニュアル,មសៀវមៅស្ណនំ,មសៀវមៅសណ្ នំ,16,24
作業手順書,ឯកោរនីតិវ្ិ ីការងារ,ឯកោរនីតិវ្ិ ីករា ងរា,16,25
調子,ចលនកន ុងសល នួ,ចលនកនុងសលនួ,16,26
立入禁止,ហាមចូល,ហមា ចូល,17,1
禁煙,ហាមជក់បារី,ហមា ជក់បារី,17,2
駐車禁止,ហាមចត,ហមា ចត,17,4
足もと注意,ប្បយ័តនប ៉ះភជើង,បប្ យ័តនប ៉ភះជើង,17,5
開口部注意,ប្បយ័តនផ្ននកភបើកចំហ,បប្ យ័តនផន្ កភបើកចំហ,17,6
感電注意,ប្បយ័តនឆក់,បប្ យ័តនឆក់,17,7
堕落注意,ប្បយ័តនធ្លល ក់,បប្ យ័តនធលក្ល់,17,8
頭上注意,ប្បយ័តនភលើកាល,បប្ យ័តនភលើកាល,17,9
警報設備,កផ្លលងចុចប្បកាសអាសលន,កផល្ លងចុចបប្ កសា អសា លន,17,10
AED設置場所,ទីតងំ បំពាកA់ ED,ទីតងំ បំពកា A់ ED,18,12
保護帽着用,ពាក់មួកការពារ(មួក បង្កា រភប្រ៉ះថ្នន ក់),"ពកា ់មួកករា ពរា (មួក
បងា រ្កភបរ្ ៉ថះ នក្ន់)",18,13
安全帯使用,ភប្បើផ្សែប្កវ៉ាត់សុវតថិភាព,ភបប្ ើផស្ ែបក្ វ៉ាត់សុវតថិភពា,18,14
昇降階段,ជភ្តើរភ ើងចុ៉ះ,ȗំជេណɱ ̶រេឡ̶ងចុះ,20,15
休憩所,កផ្លលងសប្ាក,កផល្ លងសបា្ ក,18,16
最大積載荷重,សមតថភាពនទកុ អតិបរា,សមតថភពា នទកុ អតិបរា,18,17
喫煙所,កផ្លលងជក់បារី,កផល្ លងជក់បារី,18,18
整理整頓,ភរៀបចំ សណ្តត ប់ធ្លន ប់,ភរៀបចំ សណតប្ត់ធនប្ល់,18,19
安全通路,នល វូ សុវតថិភាព,នលវូ សុវតថិភពា,18,20
三連クランプ,ដង(cid:544)៣(cid:814)(cid:671)(cid:572)ំ ប់(cid:545)(cid:645),ដងȠ៣ ̮ʟȼំ ប់ȡʅ,19,1
かけや,ញញ(cid:819)រេឈ(cid:822),ញញ̳ រេឈ̶,19,3
かけや,ញញ(cid:819)រេឈ(cid:822),ញញួ រ ើ,47,4
ランマ,(cid:676)៉សុីនប(cid:559)(cid:726)ប់ដី,ʤ៉សុីនបȯ˖ ប់ដី,19,4
自在クランプ,ដង(cid:544)(cid:814)ំេសរ(cid:801),ដងȠ ̮ំេសរ̡,19,5
キャッチクランプ,ដង(cid:544)(cid:814)ំ(cid:564)ប់,ដងȠ ̮ំȴប់,19,6
吊り上げ用クランプ,ដង(cid:544)(cid:814)ំស(cid:688)(cid:676)ប់ស(cid:636) (cid:817)ចេ,ដងȠ ̮ំសʰʤប់សɼ ̱ចេ,19,7
直交クランプ,ដង(cid:544)(cid:814)ំ(cid:598)ក់(cid:688)តង់,ដងȠ ̮ំɖក់ʰតង់,19,8
フック,ទំពក់,េំពក់,31,6
ストレートシャックル,តួ(cid:676)៉សុីន(cid:719)(cid:698)ន(cid:690)ង(cid:688)តង់,តួʤ៉សុីនˏʺ នʲងʰតង់,19,10
滑車,ឧបករណ៏រ(cid:843)ក,ឧបករណ៏រ͋ក,20,11
クレーン,(cid:676)៉សុីនស(cid:636) (cid:817)ច,ʤ៉សុីនសɼ ̱ច,20,12
移動式クレーン,(cid:676)៉សុីនស(cid:636) (cid:817)ចចល័ត,ʤ៉សុីនសɼ ̱ចចល័ត,20,13
介しゃくロープ,ែខ(cid:717)ពួរជំនួយ,ែខˍពួរជំនួយ,20,14
筋かい止めピン,(cid:540)(cid:635)ស់(cid:671)(cid:572) ប់ឧបករណ៏ (cid:598)ក់ចេ(cid:647)(cid:693) ះសសរ,"Ȝɻ ស់ʟȼ ប់ឧបករណ៏
ɖក់ចេʇʵ ះសសរ",20,16
脚柱ジョイント,តំណេជ(cid:822)ង,តំណេជ̶ង,20,17
連結ピン,(cid:540)(cid:645)ស់ត(cid:671)(cid:572) ប់,Ȝʅ ស់តʟȼ ប់,20,18
レバーブロック,ប(cid:694)(cid:814)ក(cid:676)នដង,បʶ ̮កʤនដង,20,20
電動のこ（丸のこ）,(cid:676)៉សុីនរ(cid:622)រ,ʤ៉សុីនរɮរ,20,21
モンキースパナ,ឧបករណ៏េ(cid:598)ះប៊ូឡ(cid:813) ង,ឧបករណ៏េɖះប៊ូឡ̭ ង,21,22
親綱支柱,(cid:688)បព័ន(cid:640)ែខ(cid:717)សុវត(cid:630)ិ(cid:671)ព,ʰបព័នʀែខˍសុវតɶិʟព,21,23
ブラケット,ែកង(cid:688)ទ,ែកងʰទ,21,24
梯子,ជេណ(cid:625)(cid:822)រ(cid:598)ក់,ជេណɱ ̶រɖក់,21,25
親綱,ខ្សែពួរមេ,ខស្ ែពួរមេ,22,1
建枠（ビティ）,គំរបឈ្នន ន់(ប ៊ី្ី),គំរបឈន្ន់(ប ៊ី្ី),22,2
メッシュシート,ក្កណាត់សំណាញ់,កក្ ណតា ់សំណញា ់,22,3
防音パネル,ផ្ា ងំ ប់សមេលង,ផា ្ងំ ប់សមេលង,22,4
朝顔材,ផ្ា ងំ មក្ៅសក្ម្ខប់ការពារ,ផា ្ងំ មកៅ្ សកម្ ប្ខ់ករា ពរា,22,5
架空線,ខ្សែមលើ,ខស្ ែមលើ,22,6
幅木（仮設足場）,កាត របងំ មជើង(កខ្នលង ដ្ឋក់មជើងបមណាត ះោសនន),"កតរា បងំ មជើង(កខន្ លង
ដក្ឋ ់មជើងបមណតះា ោសនន)",22,7
脚立,ជមណតើរមកាង,ជមណតើរមកងា,22,9
作業半径,កាក្ំ បតិបតតិការងារ,កកំា ប្ តិបតិករា ងរា,23,10
仮ボルト,បូ ុ ងបមណាត ះោសនន,បូ ុ ងបមណតះា ោសនន,23,11
手直し,ខ្កម ើងវញិ,ខក្ ម ើងវញិ,23,12
点検事項,ក្បការក្តួតពិនិតយ,កប្ ករា កត្ ួតពិនិតយ,23,14
積載荷重,េងន់ចំណុ ះដ្ឋក់,េងន់ចំណុ ះដក្ឋ ់,23,15
すき間,ចមន្ទល ះ,ចមនលះ្ទ,23,16
通りを見る,ពិនិតយផល វូ ថ្នល់,ពិនិតយផលវូ ថនល្ ់,23,17
地組,ការផ្ គំេូលដ្ឋា ន,ករា ផ្ គំេូលដា ន្ឋ,23,19
天端,ខ្ផនកខ្ទងមលើននសំណង់,ខផ្ នកខង្ទមលើននសំណង់,24,20
合図,សញ្ញា,សញា ្ញ,24,22
定格荷重,េងន់តេខ្ទន ត,េងន់តេខនត្ទ,24,23
たち,បញ្ឈរ,បញឈ្ រ,24,24
安全帯,ផ្ខ្ែម្កវា៉ាត្់សុវត្ថិភាព,ផខ្ ែ្ មក្ វ៉ាតា ់្សុវតថិ្ភពា,25,2
インサート,បញ្ច លូ,បញចល្ូ,25,3
スペーサ,ឧបករណ៏រកាចស្ែ ោះ,ឧបករណ៏រកាចស្ែោះ,25,4
鉄筋,សរសសផ្ ក,សរសសផ ្ ក,25,5
電工ドラム（ドラム）,ផ្ខ្ែស្ែើងរំផ្វង( ូ រ៉ារ រ ុ ),ផខ្ ែ្ ស្ែើងរំផវ្ ង( ូ រ៉ារ រ ុ ),25,6
電動丸のこ（電のこ）,រណាម៉ា សុ៊ីន(ស ង ណូ កូ ),រណមា ៉ា សុ៊ីន(ស ង ណូ កូ ),25,7
パッキン,ថ្នា បំ ិទ ិត្,ថា ្នបំ ិទ ិត្,25,8
小バール,ផ្ ករស់ត្ូច,ផ ្ ករស់តូ្ច,25,9
大バール,ផ្ ករស់ធំ,ផ ្ ករស់ធំ,25,10
化粧合板,កាា បនទោះត្ុបផ្ត្ង,កា បា នទោះតុ្បផត្ ្ង,26,11
普通合板,កាា បនាោះធរមតា,កា បា នាោះធរមតា,26,12
面木,ស ើបសងាើត្សលទរុខ្សៅម្ ងុ,ស ើបសងាើត្សលទរុខស្ ៅម ្ ងុ,26,14
剥離剤,ថ្នា សំ ំណក,ថា ្នសំ ំណក,26,16
けこみ板,កាា បញ្ឈរ,កា បា ញឈ្ រ,26,17
目地棒,ំបូងោក់កាច់ម្ ងុ,ំបូងោក់កចា ់ម ្ ងុ,26,18
コンクリート,សបត្ុង,សបតុ្ង,26,19
コンベックス,ឧបករណ៏វាស់ ផ្វង,ឧបករណ៏វសា ់ ផវ្ ង,26,20
作業用手袋,សម្នរស ការង្ករ,សមន្ រស ករា ងរ្ក,27,21
差金,ផ្ កបញ្ច លូ,ផ ្ កបញចល្ូ,27,22
水平器,ផ្រ៉ាម្ត្សទង់,ផរ្ ៉ាមត្ ្សទង់,27,23
墨つぼ,ប្ទ ត្់ ផ្ខ្ែ,ប្ទត់ ផ្ ខ្ ែ្,27,25
天端釘,បែកសោលបនែកខាងសលើនៃ េំណង់,"បែកសោលបនែកខងា សលើនៃ
េំណង់",28,2
型枠支保工,េ ៉ុមេរមប់ចាក់សបត៉ុង,េ ៉ុមេរមប់ចកា ់សបត៉ុង,28,4
スラブ天端,រកឡាបនែកខាងសលើនៃេំណង់,រកឡបា នែកខងា សលើនៃេំណង់,28,7
建込み,សលើកយួរសហ្ើយោក់,សលើកយួរសហើ្យោក់,28,9
通り,នល វូ លំ,នលវូ លំ,29,10
蹴上げ,កំពេ់ជំហាៃកាជំ សណាើរ,កំពេ់ជំហៃា កជំា សណាើរ,29,11
蹴込み,បនែកខាងកន គងសៅកាំជសណាើរ,បនែកខងា កនគងសៅកំជា សណាើរ,29,12
下げ振り,ឧបករណ៏វាេ់បញ្ឈររតង់,ឧបករណ៏វេា ់បញឈ្ ររតង់,29,14
地墨,សាែ មេញ្ជា កំណត់រីតាងំ,សែមា េញា ក្ជំណត់រីតងំា,29,15
捨てコンクリート,ចាក់សបត៉ុងសេាើង(សបត៉ុង សចាល),"ចកា ់សបត៉ុងសេាើង(សបត៉ុង
សចលា )",29,16
はね出し,ការសចញកាា ពបី សគោ ល,ករា សចញកា ពា បី សគោ ល,29,17
はらみ,ភ្ជពសប៉ា ងច៉ុោះ,ភព្ជសប៉ា ងច៉ុោះ,29,18
前面,ននៃខាងម៉ុខ,ននៃខងា ម៉ុខ,30,19
養生,រ៉ុុំព័រធ,រ៉ុព័រធ,30,20
解体する（バラス）,ការបំ បបក,ករា បំ បបក,30,24
異形棒鋼,ឧបករណ៏ពង្រឹរបបតុរ របូ រារពិបេេ,"ឧបករណ៏ពងរ្ ឹរបបតុរ
របូ ររា ពិបេេ",31,1
鉄筋切断機,ម េុ៊ីនកាត់េរសេដែក,ម េុ៊ីនកតា ់េរសេដែក,31,4
アンカー,ដែកយុថាា,ដែកយុថា ា,31,8
スペーサ―,ឧបករណ៏រកាចប្ល ះ,ឧបករណ៏រកាចប្លះ,31,10
ドーナツ,ឧបករណ៏រកាចប្ល ះរារ ជាររវរ់(ែូណាត់),"ឧបករណ៏រកាចប្លះររា
ជរា រវរ់(ែូណតា ់)",32,11
開口補強筋,េរសេដែកពង្រឹរដនែក បបើកចំ រ,"េរសេដែកពងរ្ ឹរដនែក
បបើកចំ រ",32,14
幅止め筋,េរសេដែកពង្រឹរ,េរសេដែកពងរ្ ឹរ,32,15
差筋,េរសេដែកចប្ល ះេំណរ់,េរសេដែកចប្លះេំណរ់,32,16
柱配筋,ោក់េរសេដែកកន គរេេរ,ោក់េរសេដែកកនគរេេរ,32,18
スラブ筋,េរសេង្កឡា,េរសេងក្ ឡា,32,19
ベース筋,េរសេង្គឹះ,េរសេងគ្ ឹះ,32,20
帯筋（フープ）,េរសេដែកេប់េល់ការ ដបកបបតុរេេរ( វឺប ព)ុ,"េរសេដែកេប់េល់ករា
ដបកបបតុរេេរ( វឺប ព)ុ",33,21
下端筋,េរសេខារបង្កាម្ខារចុរ,េរសេខរា បងក្ មា ្ខរា ចុរ,33,22
上端筋,េរសេខារចុរខារបលើ,េរសេខរា ចុរខរា បលើ,33,23
はかま筋,សរសសដែកលកខណ:កន្រ្តក,សរសសដែកលកខណ:កន្រ តក,34,1
縦筋,សរសសដែកបញ្ឈរ,សរសសដែកបញឈ្ រ,34,2
下筋,សរសសដែកខាងឡន្កាម,សរសសដែកខងា ឡនក្ មា,34,3
腹筋,សរសសដែកដាក់ទទឹង,សរសសដែកដកា ់ទទឹង,34,5
配力筋,សរសសដែកដាក់ឈរន្តង់,សរសសដែកដកា ់ឈរនត្ ង់,34,6
上筋,សរសសដែកខាងឡលើ,សរសសដែកខងា ឡលើ,34,7
鉄筋径,វជិ ាមាន្តសរសសដែក,វជិ ាមនា ត្ សរសសដែក,34,9
かぶり厚さ,កមាល ស់ន្គប,កមលសា ់នគ្ ប,34,10
角度,មុុំ,ម,35,11
千鳥結束,ចុំណងចឡ្ល ោះគ្នា,ចុំណងចឡ្លោគះ ា ្ន,35,14
切断寸法,ទុំហុំ ដផាកកាត់,ទុំហុំ ដផាកកតា ់,35,15
重ね継手,តុំណជា្់គ្នា,តុំណជ្ា ់គា ្ន,35,17
圧接継手,តុំណគ្នប,តុំណគប្ន,35,18
溶接金網,សុំណាញ់ ដែកផា,សុំណញា ់ ដែកផា,35,20
搬出,ការែឹកឡចញ,ករា ែឹកឡចញ,36,21
搬入,ការែឹកចូល,ករា ែឹកចូល,36,22
基礎,ន្គឹោះ,នគ្ ឹោះ,36,23
機械式継手,តុំណឡដាយមា៉ា សុី្,តុំណឡដយា ម៉ា សា ុី្,36,24
配筋検査,ការន្តួតពិ្ិតយការដាក់ សរសសដែក,"ករា នត្ ួតពិ្ិតយករា ដកា ់
សរសសដែក",36,25
トラクタ,ត្រាក់ទរ័,តា្រ ក់ទរ័,37,1
ブルドーザ,គត្រេឿងចត្រករុញែី,គតេ្រ ឿងចតក្រ រុញែី,37,2
トラクタショベル,ត្រាក់ទ័រឈូសែី,តា្រ ក់ទ័រឈូសែី,37,3
ダンプトラック,ត្រាក់ទ័រែឹកែី,តា្រ ក់ទ័រែឹកែី,37,5
油圧ショベル,គត្រេឿងចត្រកកាយែីអុីត្រែូ លិក,"គតេ្រ ឿងចតក្រ កយា ែីអុីតែ្រ ូ
លិក",37,6
バックホウ,ត្រាក់ទរកា័ យែី(គអសស្កា ),តា្រ ក់ទរក័ យា ែី(គអសសា )្ក,37,7
ローディングショベル,គត្រេឿងចត្រកចូកែី,គតេ្រ ឿងចតក្រ ចូកែី,37,8
ブーム,ែងសនទ ចូ,ែងសនទចូ,38,11
クローラ,ត្រចវាក់,តច្រ វកា ់,38,15
ディーゼルエンジン,ម៉ា សុីនគត្របើម៉ា សូ រ,ម៉ា សុីនគតប្រ ើម៉ា សូ រ,39,19
エンジンオイル,គត្របងម៉ា សុីន,គតប្រ ងម៉ា សុីន,39,20
バッテリ,អាេុយ,អេា ុយ,39,22
燃料,គត្របងឥណឌន:,គតប្រ ងឥណឌន:,39,23
軽油,គត្របងត្រស្កល(ម៉ា សូ រ),គតប្រ ងតស្រ ល្ក(ម៉ា សូ រ),39,24
ブレーキ,ត្រ្វ ំង,ត្រ វំង,39,25
油圧シリンダ,ស ៊ីឡាំងអ ៊ីដ្រលូ ិក,ស ៊ីឡាំងអ ៊ីដរ្ លូ ិក,40,1
油圧モータ,ម៉ូ ទ័រអ ៊ីដ្រលូ ិក,ម៉ូ ទ័រអ ៊ីដរ្ លូ ិក,40,2
油圧ポンプ,សនប់ប៉ូមអ ៊ីដ្រលូ ិក,សនប់ប៉ូមអ ៊ីដរ្ លូ ិក,40,3
水漏れ,លលចធ្លា យទឹក,លលចធា យ្លទឹក,40,4
油漏れ,លលចធ្លា យលដ្បង,លលចធា យ្លលដប្ ង,40,5
冷却水,ទឹកដាក់ឱ្យដ្រជាក់ (ម ស ៊ីន),"ទឹកដកា ់ឱយ្ ដរ្ ជកា ់
(ម ស ៊ីន)",40,6
ブレーキ液,លដ្បងដ្្រ ាំង,លដប្ ងដ្ រាំង,40,7
ファンベルト,ខ្សែពានកង្ហា រ,ខស្ ែពនា កងា រ្ហ,40,9
クラッチ,អាំដ្ាយ,អាំដា្ យ,40,11
急発進,ចាប់ល្តើមលលឿន,ចបា ់ល្តើមលលឿន,40,12
急ブレーキ,ចាប់ដ្្រ ាំងបន្ទា ន់,ចបា ់ដ្ រាំងបនា ន្ទ់,40,13
アイドリング,បល្ឆេះលចាល,បល្ឆេលះចលា,41,14
安全ロック,លោស វរថិភាេ,លោស វរថិភេា,41,17
安全支柱,សសរស វរថិភាេ,សសរស វរថិភេា,41,18
補給（する）,(ោរ)បខ្នថម,(ោរ)បខន្ ថម,41,19
死角,ដ្ ងុ លមើលមិនល ើញ,ដ ្ ងុ លមើលមិនល ើញ,41,23
斜面,ដ្មល,ដម្ ល,41,24
接触（する）,(ការ)ប ៉ះទង្គិច,(ករា )ប ៉ទះ ងគិ្ច,42,1
作動（する）,(ការ)ដំដ ើរការ,(ករា )ដំដ ើរករា,42,2
整備（する）,(ការ)ដរៀបចំ ថែសំរលួ,(ករា )ដរៀបចំ ថែសំរលួ,42,3
点検（する）,(ការ)ត្រួរពិនិរយ,(ករា )តរ្ ួរពិនិរយ,42,4
動かす,បត រូកថនែង្,បតរូកថនែង្,42,5
運転（する）,(ការ)ដបើកបរ,(ករា )ដបើកបរ,42,6
測る,វាស់,វសា ់,42,7
操作（する）,(ការ)ត្បរិបរតិការ,(ករា )តប្ រិបរតិករា,42,8
停止（する）,(ការ)ឈប់,(ករា )ឈប់,42,9
切る,ការ់ ឬ ​ ពនែរ់,ករា ់ ឬ​ ពនែរ់,42,10
回す,បង្វិល,បងវិ្ល,42,11
集める,ត្បមូល,តប្ មូល,42,13
触る,ស្ទា ប,សា ប្ទ,42,14
縛る,ចង្ជាប់,ចងជ្ បា ់,42,15
揃える,រត្មមឹ,រតម្ មឹ,42,16
しゃがむ,អង្គ ុយ(ដចាង្ដោង្),អងគុ្យ(ដចងា ្ដោង្),42,18
調整（する）,(ការ)ថកសំរលួ,(ករា )ថកសំរលួ,42,19
戻す,ដាក់ចៅវញិ,ដកា ់ចៅវញិ,43,2
折れる,បាក់,បកា ់,43,4
電源を入れる,ចបើកថាមពលច្ែើង,ចបើកថមា ពលច្ែើង,43,7
電源を落とす,បិទថាមពលច្ែើង,បិទថមា ពលច្ែើង,43,8
スイッチを切る,បិទកុងតាក់,បិទកុងតកា ់,43,9
固定（する）,(ការ)េងភ្ជា ប់,(ករា )េងភា ប្ជ់,43,10
ゆるめる,បនធ រូ,បនធរូ,43,11
伸ばす,ពនល តូ,ពនលតូ,43,12
外す,ចដាោះ,ចដោា ះ,43,13
数える,រាប់,របា ់,43,17
下ろす,ដាក់េុោះ,ដកា ់េុោះ,43,20
離れる,ឃ្លែ តចេញ,ឃែត្លចេញ,43,21
寸法,ខ្នា ត,ខា ត្ន,44,2
測定（する）,(ការ)វាស់ វែង,(ករា )វសា ់ វែង,44,3
計測（する）,(ការ)វាស់,(ករា )វសា ់,44,4
計測器,នាឡិកាវាស់សទង់,នឡា ិកវា សា ់សទង់,44,5
温度,សីតុណ្ហភាព,សីតុណហភ្ ពា,44,6
長さ,ប្រវែង,បរ្ វែង,44,8
重さ,ទម្ងន់,ទមងន្ ់,44,9
厚さ,កប្ាស,កបា្ ស,44,10
硬さ,ភាពរងឹ,ភពា រងឹ,44,11
深さ,ជម្ប្ៅ,ជមប្ ៅ្,44,12
表面,ផ្ទទខ្នងម្ុខ,ផទ្ ខង្នមុខ្,44,13
すきま,ចម្នាល ោះ,ចមន្ លោា ះ,44,14
中心,កណ្តា ល,កណា ល្ត,44,15
値,តផ្ម្ល,តផម្ ល្,45,16
安定（する）,(ការាន)ម្សេរភាព,(ករា ាន)មស្ េរភពា,45,17
誤差,ភាពខុសគ្នា,ភពា ខុសគា ្ន,45,20
中,កន ុង,កនុង,45,21
尺,ខ្នា ត សាគុ,ខា ត្ន សគា ុ,45,24
青,ម្ខៀែ,មខ្ ៀែ,45,25
赤,ប្កហម្,បក្ ហម្,45,26
黄色,ម្លឿង,មល្ ឿង,45,28
足をくじく,គ្រិចរ ើង,គរ្ ិចរ ើង,46,6
感電（する）,(ការ)ឆក់អគ្គីសនី,(ករា )ឆក់អគគីស្ នី,13,5
防止（する）,(ការ)ការពារ,(ករា )ករា ពរា,13,6
予防（する）,(ការ)បង្ហា រ,(ករា )បងា រ្ហ,13,7
転倒（する）,(ការ)ដួល,(ករា )ដួល,13,8
不安定（な）,(ដដល)អមសេរភាព,(ដដល)អមសេរភពា,13,11
嘔吐（する）,(ការ)កអ តួ,(ករា )កអតួ,13,19
転落（する）,(ការ)រេិលធ្លា ក់,(ករា )រេិលធា ក្ល់,14,9
落下（する）,(ការ)ធ្លា ក់,(ករា )ធា ក្ល់,14,14
墜落（する）,(ការ)ធ្លា កច់ ោះ,(ករា )ធា ក្លច់ ោះ,14,15
ケレン,ការេំសលៀង,ករា េំសលៀង,28,3
