日本語,PyMuPDF値,pdfplumber値,一致,Page,No
5S,ស ៥,ស ៥,True,7,1
AED設置場所,ទីតងំ បំពកា A់ ED,ទីតងំ បំពាកA់ ED,False,18,12
KY活動（危険予知活動）,សកមមភ្ ពា KY (សកមមភ្ ពា ពាករណ៏ហា នីភយ)័,សកម្មភាពKY (សកម្មភាពពាករណ៏ហា នីភយ)័,False,14,1
あいさつ,ររវកិច,ររវកិចច,False,11,19
あごひも,សស្ ែរកវ៉ាត់ចងា រា,ស្សែរកវ៉ាត់ចងាា រ,False,15,8
あばら筋,េរសេដែកលកាណ:នអឹរជំនឺ,េរសេដែកលកាណ:នអឹរជំនឺ,True,33,25
かけや,ញញ̳ រេឈ̶,ញញ(cid:819)រេឈ(cid:822),False,19,3
かぶり厚さ,កមលសា ់នគ្ ប,កមាល ស់ន្គប,False,34,10
かぶり寸法,ករមេ់រ្ប,ករមេ់រ្ប,True,30,25
けが,របួស,របួស,True,2,2
けがをする,មនា របួស,មានរបួស,False,2,3
けこみ板,កា បា ញឈ្ រ,កាា បញ្ឈរ,False,26,17
しつけ,វៃិ ័យ,វៃិ ័យ,True,7,6
しゃがむ,អងគុ្យ(ដចងា ្ដោង្),អង្គ ុយ(ដចាង្ដោង្),False,42,18
すきま,ចមន្ លោា ះ,ចម្នាល ោះ,False,44,14
すき間,ចមនលះ្ទ,ចមន្ទល ះ,False,23,16
すべる,រអិល,រអិល,True,8,19
たち,បញឈ្ រ,បញ្ឈរ,False,24,24
だめ（な）,(ដែល)រិនបនា,(ដែល)រិនបាន,False,2,15
はかま筋,សរសសដែកលកខណ:កន្រ តក,សរសសដែកលកខណ:កន្រ្តក,False,34,1
はね出し,ករា សចញកា ពា បី សគោ ល,ការសចញកាា ពបី សគោ ល,False,29,17
はらみ,ភព្ជសប៉ា ងច៉ុោះ,ភ្ជពសប៉ា ងច៉ុោះ,False,29,18
ぶつかる,ប ោទះ ងគិច្,ប ោះទង្គិច,False,14,3
もぐる,មុ្,មុ្,True,9,27
やけど（する）,(មៃា )រលកា ្,(មាៃ)រលាក្,False,8,17
やって,ស៊ូរព្វើ,ស៊ូរព្វើ,True,2,12
ゆるめる,បនធរូ,បនធ រូ,False,43,11
アイドリング,បល្ឆេលះចលា,បល្ឆេះលចាល,False,41,14
アンカー,ដែកយុថា ា,ដែកយុថាា,False,31,8
アーム,ដែគលើក,ដែគលើក,True,38,12
インサート,បញចល្ូ,បញ្ច លូ,False,25,3
エンジン,ម៉ា សុីន,ម៉ា សុីន,True,38,18
エンジンオイル,គតប្រ ងម៉ា សុីន,គត្របងម៉ា សុីន,False,39,20
キャッチクランプ,ដងȠ ̮ំȴប់,ដង(cid:544)(cid:814)ំ(cid:564)ប់,False,19,6
キー（鍵）,គស្ក,គស្ក,True,38,16
クラッチ,អាំដា្ យ,អាំដ្ាយ,False,40,11
クレーン,ʤ៉សុីនសɼ ̱ច,(cid:676)៉សុីនស(cid:636) (cid:817)ច,False,20,12
クローラ,តច្រ វកា ់,ត្រចវាក់,False,38,15
ケレン,ករា េំសលៀង,ការេំសលៀង,False,28,3
コンクリート,សបតុ្ង,សបត្ុង,False,26,19
コンセント,បព្ ីធ្ាើង,ប្ពីធ្ាើង,False,12,15
コンベックス,ឧបករណ៏វសា ់ ផវ្ ង,ឧបករណ៏វាស់ ផ្វង,False,26,20
ショベル,តប ល,តប ល,True,47,3
シングル,ឯក,ឯក,True,35,12
ジョイント金具,ែដកតំណ,ែដកតំណ,True,20,19
スイッチを切る,បិទកុងតកា ់,បិទកុងតាក់,False,43,9
スイッチ入れるな,កុំធបើកេរនតអគ្ គិ្សនី,កុំធបើកេរនតអ្គ្គិសនី,False,6,13
スイッチ切るな,កុំបិ េរនតអគ្ គិ្នសី,កុំបិ េរនតអ្គ្គិនសី,False,6,14
スタイロフォーム,បនទោះសនា,បនទោះសនា,True,26,13
ストレートシャックル,តួʤ៉សុីនˏʺ នʲងʰតង់,តួ(cid:676)៉សុីន(cid:719)(cid:698)ន(cid:690)ង(cid:688)តង់,False,19,10
スパイラル筋,សរសសដែកលកខណ:រងវង់,សរសសដែកលកខណ:រងវង់,True,34,8
スペーサ,ឧបករណ៏រកាចស្ែោះ,ឧបករណ៏រកាចស្ែ ោះ,False,25,4
スペーサ―,ឧបករណ៏រកាចប្លះ,ឧបករណ៏រកាចប្ល ះ,False,31,10
スラブ天端,រកឡបា នែកខងា សលើនៃេំណង់,រកឡាបនែកខាងសលើនៃេំណង់,False,28,7
スラブ筋,េរសេងក្ ឡា,េរសេង្កឡា,False,32,19
タイヤ,សំបកកង់,សំបកកង់,True,38,14
ダブル,ឡទវ,ឡទវ,True,35,13
ダンプトラック,តា្រ ក់ទ័រែឹកែី,ត្រាក់ទ័រែឹកែី,False,37,5
ディーゼルエンジン,ម៉ា សុីនគតប្រ ើម៉ា សូ រ,ម៉ា សុីនគត្របើម៉ា សូ រ,False,39,19
トラクタ,តា្រ ក់ទរ័,ត្រាក់ទរ័,False,37,1
トラクタショベル,តា្រ ក់ទ័រឈូសែី,ត្រាក់ទ័រឈូសែី,False,37,3
ドーナツ,ឧបករណ៏រកាចប្លះររា ជរា រវរ់(ែូណតា ់),ឧបករណ៏រកាចប្ល ះរារ ជាររវរ់(ែូណាត់),False,32,11
バイブレーター,ម៉ា សុ៊ីនរំញ៉ារ័,ម៉ា សុ៊ីនរំញ៉ារ័,True,26,15
バケット,ដប៉ាលចូក,ដប៉ាលចូក,True,38,10
バックホウ,តា្រ ក់ទរក័ យា ែី(គអសសា )្ក,ត្រាក់ទរកា័ យែី(គអសស្កា ),False,37,7
バッテリ,អេា ុយ,អាេុយ,False,39,22
バランスを崩す,បរា ់បង់រ្ លយភពា,បារ់បង្់រ លយភាព,False,14,7
パスポート,លិខិតឆលង្ ដ្ ែន,លិខិតឆ្លង្ដែន,False,3,6
パッキン,ថា ្នបំ ិទ ិត្,ថ្នា បំ ិទ ិត្,False,25,8
ヒヤリハット,គសទើបរនឹងម្ នគ្រោះថា ក្ន់,គសទើបរនឹង្មនគ្រោះថ្នា ក់,False,14,11
ファンベルト,ខស្ ែពនា កងា រ្ហ,ខ្សែពានកង្ហា រ,False,40,9
フック,ទំពក់,ទំពក់,True,19,9
ブラケット,ែកងʰទ,ែកង(cid:688)ទ,False,21,24
ブルドーザ,គតេ្រ ឿងចតក្រ រុញែី,គត្រេឿងចត្រករុញែី,False,37,2
ブレーキ,ត្រ វំង,ត្រ្វ ំង,False,39,25
ブレーキ液,លដប្ ងដ្ រាំង,លដ្បងដ្្រ ាំង,False,40,7
ブレード（排土板）,ដប៉ាលរុញ(ដប៉ាលរុញែ)ី,ដប៉ាលរុញ(ដប៉ាលរុញែ)ី,True,38,13
ブーム,ែងសនទចូ,ែងសនទ ចូ,False,38,11
ベース筋,េរសេងគ្ ឹះ,េរសេង្គឹះ,False,32,20
ホイルローダ,រ ឡូ ូ កិនែី,រ ឡូ ូ កិនែី,True,37,4
ボタン,មេវ,មេវ,True,15,9
ボーナス,បា្រ ក់រំណចា ់,ប្រាក់រំណាច់,False,4,2
ポケット,មោម ៉ៅ,មោម ៉ៅ,True,15,10
マスク,ម៉ៅ ស់,ម៉ៅ ស់,True,15,12
マニュアル,មសៀវមៅសណ្ នំ,មសៀវមៅស្ណនំ,False,16,24
ミーティング,ករា ្រជុំ,ការ្រជុំ,False,10,16
メッシュシート,កក្ ណតា ់សំណញា ់,ក្កណាត់សំណាញ់,False,22,3
モンキースパナ,ឧបករណ៏េɖះប៊ូឡ̭ ង,ឧបករណ៏េ(cid:598)ះប៊ូឡ(cid:813) ង,False,21,22
ランマ,ʤ៉សុីនបȯ˖ ប់ដី,(cid:676)៉សុីនប(cid:559)(cid:726)ប់ដី,False,19,4
ルール,ចាប់,ចាប់,True,2,8
ルールを守る,ពោរពចាប់,ពោរពចាប់,True,2,9
レバーブロック,បʶ ̮កʤនដង,ប(cid:694)(cid:814)ក(cid:676)នដង,False,20,20
レベル,កំពេ់,កំពេ់,True,30,21
ローディングショベル,គតេ្រ ឿងចតក្រ ចូកែី,គត្រេឿងចត្រកចូកែី,False,37,8
ローラ,រ ឡូ ូ កិន,រ ឡូ ូ កិន,True,37,9
一輪車,រេះកង់មួយ,រេះកង់មួយ,True,47,1
三連クランプ,ដងȠ៣ ̮ʟȼំ ប់ȡʅ,ដង(cid:544)៣(cid:814)(cid:671)(cid:572)ំ ប់(cid:545)(cid:645),False,19,1
上端筋,េរសេខរា ចុរខរា បលើ,េរសេខារចុរខារបលើ,False,33,23
上筋,សរសសដែកខងា ឡលើ,សរសសដែកខាងឡលើ,False,34,7
下げ振り,ឧបករណ៏វេា ់បញឈ្ ររតង់,ឧបករណ៏វាេ់បញ្ឈររតង់,False,29,14
下ろす,ដកា ់េុោះ,ដាក់េុោះ,False,43,20
下敷きになる,កិនសងារ្ ់,កិនសង្ារ់,False,14,5
下端筋,េរសេខរា បងក្ មា ្ខរា ចុរ,េរសេខារបង្កាម្ខារចុរ,False,33,22
下筋,សរសសដែកខងា ឡនក្ មា,សរសសដែកខាងឡន្កាម,False,34,3
不安定（な）,(ដដល)អមសេរភពា,(ដដល)អមសេរភាព,False,13,11
中,កនុង,កន ុង,False,45,21
中心,កណា ល្ត,កណ្តា ល,False,44,15
主筋,េរសេបម្,េរសេបម្,True,33,24
乾かす,សមងតួ,សមងតួ,True,43,16
予定,គមរមង,គមរមង,True,16,18
予防（する）,(ករា )បងា រ្ហ,(ការ)បង្ហា រ,False,13,7
事故,ឧរតិរហ្ត,ឧរតិរហ្ត,True,1,13
介しゃくロープ,ែខˍពួរជំនួយ,ែខ(cid:717)ពួរជំនួយ,False,20,14
仕上げる,ច្វើចោយច ើយ,ច្វើចោយច ើយ,True,43,3
代休,ថល្ ៃឈរ់សបម្រ កា ធលើកថល្ ៃ,ថ្លៃឈរ់សប្រមាកធលើកថ្លៃ,False,4,4
仮ボルト,បូ ុ ងបមណតះា ោសនន,បូ ុ ងបមណាត ះោសនន,False,23,11
休憩所,កផល្ លងសបា្ ក,កផ្លលងសប្ាក,False,18,16
休憩（する）,(ធ្វើករា ) សមា្រ ក,(ធ្វើការ) សម្រាក,False,6,3
休日,ថែ្ ៃឈប់សមា្រ ក,ថ្ែៃឈប់សម្រាក,False,6,7
会議,ករា រប ុំ,ការរប ុំ,False,16,21
伸ばす,ពនលតូ,ពនល តូ,False,43,12
位置,ទីតាំង,ទីតាំង,True,44,1
住民税,ពនធនិវសា នជន,ពនធនិវាសនជន,False,4,9
体調,សេ្នភពា សុខភពា ខលនួ,ស្នេ នភាពសុខភាពខល នួ,False,13,15
作動（する）,(ករា )ដំដ ើរករា,(ការ)ដំដ ើរការ,False,42,2
作業,ករា ងរ្ក,ការង្ករ,False,10,15
作業半径,កកំា ប្ តិបតិករា ងរា,កាក្ំ បតិបតតិការងារ,False,23,10
作業台,តុធ្ ្វើករា,ត្ុធ្វើការ,False,12,17
作業場,កផន្ ាងធ្វើករា,កផ្នាងធ្វើការ,False,12,16
作業手順書,ឯកោរនីតិវ្ិ ីករា ងរា,ឯកោរនីតិវ្ិ ីការងារ,False,16,25
作業服,សម្លៀកបំពកា ់ករា ងរា,សម្លៀកបំពាក់ការងារ,False,15,2
作業用手袋,សមន្ រស ករា ងរ្ក,សម្នរស ការង្ករ,False,27,21
作業着,សម្លៀកបំពកា ់ម្វើករា,សម្លៀកបំពាក់ម្វើការ,False,15,1
作業責任者,អែកទទួលខុសបត្ វ្ូ ករា ងរា,អែកទទួលខុសប្ត្វូ ការងារ,False,12,20
作業靴,សស្ ែកម ើងករា ងរា,ស្សែកម ើងការងារ,False,15,3
使用禁止,ហមា ធមប្រ ើមា្រ ស់,ហាមធម្របើម្រាស់,False,6,15
保護メガネ,សវ្ នតកា រា ពរា,ស្វនតាការពារ,False,15,11
保護具,ឧបករណ៏បងា រា មររោះថា ក្ន់,ឧបករណ៏បងាា រមររោះថ្នា ក់,False,15,7
保護帽着用,ពកា ់មួកករា ពរា (មួក បងា រ្កភបរ្ ៉ថះ នក្ន់),ពាក់មួកការពារ(មួក បង្កា រភប្រ៉ះថ្នន ក់),False,18,13
保護帽（ヘルメット）,្ួកករា ពរា (្ួកបងា រា មររោះថា ក្ន់),្ួកការពារ(្ួកបងាា រ មររោះថ្នា ក់),False,15,6
倒れる,ដួលរលំ,ដួលរលំ,True,14,8
値,តផម្ ល្,តផ្ម្ល,False,45,16
停止（する）,(ករា )ឈប់,(ការ)ឈប់,False,42,9
健康保険,ធនា រា ៉ារា ់រងស ែភពា,nan,False,4,12
入管,អណនា គប្ ណវសន៍,អណនា គ្បណវសន៍,False,3,8
冷却水,ទឹកដកា ់ឱយ្ ដរ្ ជកា ់ (ម ស ៊ីន),ទឹកដាក់ឱ្យដ្រជាក់ (ម ស ៊ីន),False,40,6
出す,បចចេញ,បចចេញ,True,43,15
出口,បរ្ កធរញ,ប្រកធរញ,False,12,12
分別（する）,(ប្វីករា )ដបងដចក្,(ប្វីការ)ដបងដចក្,False,8,12
切る,ករា ់ ឬ​ ពនែរ់,ការ់ ឬ ​ ពនែរ់,False,42,10
切断寸法,ទុំហុំ ដផាកកតា ់,ទុំហុំ ដផាកកាត់,False,35,15
前面,ននៃខងា ម៉ុខ,ននៃខាងម៉ុខ,False,30,19
剥離剤,ថា ្នសំ ំណក,ថ្នា សំ ំណក,False,26,16
割付,បបងបចក,បបងបចក,True,30,22
加工場,កដនលរដកសនែ,កដនលរដកសនែ,True,31,9
加工寸法,ទុំហុំ ដកសនា,ទុំហុំ ដកសនា,True,35,16
加工配筋図,បលរ់ោក់េសេដែកដកសនែ,បលរ់ោក់េសេដែកដកសនែ,True,32,12
労働基準法,ចារ់រទដា នា ករា ងរា,ចារ់រទដាា នការងារ,False,4,5
労働時間,ណ ៉ោ ងណ្ ្វើករា,ណ ៉ោ ង្ណ្វើការ,False,3,14
労働条件,ល័កខែ័ណឌករា ងរា,ល័កខែ័ណឌការងារ,False,4,6
労災,ធបគ្រ ុ្មះថនក្ន់ករា ងរា,ធប្រគ្មុះថ្នន ក់ការងារ,False,5,14
労災保険,ធនា រា ៉ារា ់រងធលើធបគ្រ ុ្មះ ថនក្ន់ករា ងរា,ធានារា៉ារ់រងធលើធប្រគ្មុះ ថ្នន ក់ការងារ,False,5,15
動かす,បតរូកថនែង្,បត រូកថនែង្,False,42,5
化粧合板,កា បា នទោះតុ្បផត្ ្ង,កាា បនទោះត្ុបផ្ត្ង,False,26,11
千鳥結束,ចុំណងចឡ្លោគះ ា ្ន,ចុំណងចឡ្ល ោះគ្នា,False,35,14
単管,បំពង់ឯក,បំពង់ឯក,True,22,8
危ない,រករ្ ោះថា ក្ន់,រក្រោះថ្នា ក់,False,1,8
危険,គ្រោះថា ក្ន់,គ្រោះថ្នា ក់,False,14,2
危険（な）,(ដែល)រករ្ ោះថា ក្ន់,(ដែល)រក្រោះថ្នា ក់,False,1,7
厚さ,កបា្ ស,កប្ាស,False,44,10
厚生年金,បា្រ ក់ធស្ា ននិវតាន៍ ររស់និធោជិក,ប្រាក់ធសា្ននិវតាន៍ ររស់និធោជិក,False,4,10
原因,មូល្ គេរ,ម្ូលគេរ,False,14,12
反対,ទទយុ,ទទយុ,True,45,22
取って,ស៊ូរយក,ស៊ូរយក,True,2,14
取り出す,យកចេញ,យកចេញ,True,43,1
受検（する）,(ធ្វើ)ករា បរ្ ឡង,(ធ្វើ)ការប្រឡង,False,12,3
台車,រទះរុញឥវ៉ាន់,រទះរុញឥវ៉ាន់,True,12,10
合図,សញា ្ញ,សញ្ញា,False,24,22
吊り上げ用クランプ,ដងȠ ̮ំសʰʤប់សɼ ̱ចេ,ដង(cid:544)(cid:814)ំស(cid:688)(cid:676)ប់ស(cid:636) (cid:817)ចេ,False,19,7
吐き気,េង់កអតួ,េង់កអ តួ,False,13,18
周り,ជុាំែញិ,ជុាំែញិ,True,45,23
喫煙所,កផល្ លងជក់បារី,កផ្លលងជក់បារី,False,18,18
嘔吐（する）,(ករា )កអតួ,(ការ)កអ តួ,False,13,19
回す,បងវិ្ល,បង្វិល,False,42,11
固定（する）,(ករា )េងភា ប្ជ់,(ការ)េងភ្ជា ប់,False,43,10
圧接継手,តុំណគប្ន,តុំណគ្នប,False,35,18
在留カード,ប័េណសា ក្ន់ណៅ,ប័េណ ស្នា ក់ណៅ,False,3,7
在留期間,រយៈណពលសា ក្ន់ណៅ,រយៈណពលស្នា ក់ណៅ,False,3,9
在留資格,អជា ា ប្ញ័េណសា ក្ន់ណៅ,អាជ្ញា ប័េណ ស្នា ក់ណៅ,False,3,5
地墨,សែមា េញា ក្ជំណត់រីតងំា,សាែ មេញ្ជា កំណត់រីតាងំ,False,29,15
地組,ករា ផ្ គំេូលដា ន្ឋ,ការផ្ គំេូលដ្ឋា ន,False,23,19
地震,ករា រញជ្យួ ែី,ការរញ្ជ យួ ែី,False,9,26
型枠支保工,េ ៉ុមេរមប់ចកា ់សបត៉ុង,េ ៉ុមេរមប់ចាក់សបត៉ុង,False,28,4
埋め込み金物,ឧបករណ៏ បែកបងោប់,ឧបករណ៏ បែកបងោប់,True,30,23
基礎,នគ្ ឹោះ,ន្គឹោះ,False,36,23
堕落注意,បប្ យ័តនធលក្ល់,ប្បយ័តនធ្លល ក់,False,17,8
報告書,មសចកតរី យា ករា ណ៏,មសចកតរាី យការណ៏,False,16,23
報告（する）,(ប្វើករា )ករា ោយករា ណ៍,(ប្វើការ)ការោយការណ៍,False,11,21
墜落（する）,(ករា )ធា ក្លច់ ោះ,(ការ)ធ្លា កច់ ោះ,False,14,15
墨さし,បិចសធវើព៊ីឬសែ៊ី,បិចសធវើព៊ីឬសែ៊ី,True,27,24
墨つぼ,ប្ទត់ ផ្ ខ្ ែ្,ប្ទ ត្់ ផ្ខ្ែ,False,27,25
外す,ចដោា ះ,ចដាោះ,False,43,13
大きさ,ទាំហាំ,ទាំហាំ,True,45,18
大バール,ផ ្ ករស់ធំ,ផ្ ករស់ធំ,False,25,10
天端,ខផ្ នកខង្ទមលើននសំណង់,ខ្ផនកខ្ទងមលើននសំណង់,False,24,20
天端釘,បែកសោលបនែកខងា សលើនៃ េំណង់,បែកសោលបនែកខាងសលើនៃ េំណង់,False,28,2
始業時間,ធា៉ោ ងចបា ់ធ្តើមករា ងរា,ធា៉ោ ងចាប់ធ្តើមការងារ,False,6,8
安全,ស វតថិភពា,ស វតថិភាព,False,1,6
安全カバー,គមរ្ បសុវតថិ្ភពា,គម្របសុវត្ថិភាព,False,2,1
安全ネット,សាំណញា ់សុវតេិភពា,សាំណាញ់សុវតេិភាព,False,13,23
安全ロック,លោស វរថិភេា,លោស វរថិភាេ,False,41,17
安全帯,ផខ្ ែ្ មក្ វ៉ាតា ់្សុវតថិ្ភពា,ផ្ខ្ែម្កវា៉ាត្់សុវត្ថិភាព,False,25,2
安全帯使用,ភបប្ ើផស្ ែបក្ វ៉ាត់សុវតថិភពា,ភប្បើផ្សែប្កវ៉ាត់សុវតថិភាព,False,18,14
安全支柱,សសរស វរថិភេា,សសរស វរថិភាេ,False,41,18
安全点検,បត្ ួតពិនិតយសុវតេិភពា,ប្តួតពិនិតយសុវតេិភាព,False,13,24
安全装置,ឧរករណ៍ស វតថិភពា,ឧរករណ៍ស វតថិភាព,False,1,15
安全通路,នលវូ សុវតថិភពា,នល វូ សុវតថិភាព,False,18,20
安全靴,សស្ ែកម ើងសុវតថភិ ពា,ស្សែកម ើងសុវតថភាិ ព,False,15,14
安定（する）,(ករា ាន)មស្ េរភពា,(ការាន)ម្សេរភាព,False,45,17
定時,ធេលធ ៀងទតា ់,ធេលធ ៀងទាត់,False,6,5
定格荷重,េងន់តេខនត្ទ,េងន់តេខ្ទន ត,False,24,23
実習（する）,(ប្វើករា )សិកា,(ប្វើការ)សិកា,False,11,18
寝不足,មគ្ងមិនបគ្ ប្ ់,មគ្ងមិនប្គ្ប់,False,13,22
寝坊（する）,(ប្វើករា )បគង្ ្ជលុ,(ប្វើការ)បគ្ង្ជលុ,False,11,26
寸法,ខា ត្ន,ខ្នា ត,False,44,2
対策,វធិ ន្លករា,វធ្លិ នការ,False,14,13
小バール,ផ ្ ករស់តូ្ច,ផ្ ករស់ត្ូច,False,25,9
尺,ខា ត្ន សគា ុ,ខ្នា ត សាគុ,False,45,24
工事現場,ករា ដា ន្ឋ សំណង់,ការដ្ឋា នសំណង់,False,12,18
工具の手入れ,សរៀបេំោតឧបករណ៏,សរៀបេំោតឧបករណ៏,True,29,13
工場,រោងចកក្,រោងចក្ក,False,1,3
差筋,េរសេដែកចប្លះេំណរ់,េរសេដែកចប្ល ះេំណរ់,False,32,16
差金,ផ ្ កបញចល្ូ,ផ្ កបញ្ច លូ,False,27,22
巻き込まれる,្តវូ ាៃពកា ់ព្ ័ៃធ,្តវូ ាៃពាក្់ព័ៃធ,False,8,16
帯筋（フープ）,េរសេដែកេប់េល់ករា ដបកបបតុរេេរ( វឺប ព)ុ,េរសេដែកេប់េល់ការ ដបកបបតុរេេរ( វឺប ព)ុ,False,33,21
帽子,្ួក,្ួក,True,15,5
幅木（仮設足場）,កតរា បងំ មជើង(កខន្ លង ដក្ឋ ់មជើងបមណតះា ោសនន),កាត របងំ មជើង(កខ្នលង ដ្ឋក់មជើងបមណាត ះោសនន),False,22,7
幅止め筋,េរសេដែកពងរ្ ឹរ,េរសេដែកពង្រឹរ,False,32,15
床,កបា្ ល,កប្ាល,False,12,11
建枠（ビティ）,គំរបឈន្ន់(ប ៊ី្ី),គំរបឈ្នន ន់(ប ៊ី្ី),False,22,2
建込み,សលើកយួរសហើ្យោក់,សលើកយួរសហ្ើយោក់,False,28,9
当たる,្រវូ នឹង្,្រវូ នឹង្,True,14,4
後片付け,ករា មរៀបេាំមពលមបក្ យា,ការមរៀបេាំមពលមប្កាយ,False,13,12
急ブレーキ,ចបា ់ដ្ រាំងបនា ន្ទ់,ចាប់ដ្្រ ាំងបន្ទា ន់,False,40,13
急発進,ចបា ់ល្តើមលលឿន,ចាប់ល្តើមលលឿន,False,40,12
感電注意,បប្ យ័តនឆក់,ប្បយ័តនឆក់,False,17,7
感電（する）,(ករា )ឆក់អគគីស្ នី,(ការ)ឆក់អគ្គីសនី,False,13,5
戻す,ដកា ់ចៅវញិ,ដាក់ចៅវញិ,False,43,2
所得税,ពនធលើបា្រ ក់ចំណូ ល,ពនធធលើប្រាក់ចំណូ ល,False,4,8
手当,បា្ ក់ឧរតថម្ ភ,ប្ាក់ឧរត្ថមភ,False,12,5
手直し,ខក្ ម ើងវញិ,ខ្កម ើងវញិ,False,23,12
手袋,មរោ្ដៃ,មរោ្ដៃ,True,15,4
打つ,ដំ,ដំ,True,14,6
技能,ជំនញា,ជំនាញ,False,12,1
技能実習,ករា ហវឹ្កហវឺ្នជំនញា,ការហ្វឹកហ្វឺនជំនាញ,False,1,1
技能実習期間,រយៈណពលហវឹ្កហវឺ្នជំនញ,រយៈណពលហ្វឹកហ្វឺនជំនញ,False,3,3
技能実習生,កមមស្ ិកាការហី វឹ្កហវឺ្ន ជំនញា,កម្មសិកាការហ្ី វឹកហ្វឺន ជំនាញ,False,1,2
技能検定試験,បរ្ ឡងសមតថិភ្ ពា ជំនញា,ប្រឡងសមត្ថិភាពជំនាញ,False,12,2
技術移転,ករា ណទេរបណចេកវទិ ា្យ,ការណទេរបណចេកវទ្យិ ា,False,3,2
折れる,បកា ់,បាក់,False,43,4
押す,រ ញ,រ ញ,True,42,12
担当者,អនក្ ួលខុសមត្រ េូ,អ្នក ួលខុសម្រតេូ,False,6,12
持ち上げる,រលើករ ើង,រលើករ ើង,True,46,4
持ち込む,យកចូល,យកចូល,True,10,5
指導員,អនក្ បងា តា ប់ ធមង្រ ៀន,អ្នកបងាា តប់ ធម្រងៀន,False,6,10
指差呼称,ចងអុល្ គៅគ្មោះ,ចង្អ ុលគៅគ្ម ោះ,False,14,10
挟まる,គបា,គាប,False,13,9
挟まれる,គប្ន,គ្នប,False,8,15
捨てる,បចល,បចល,True,8,9
捨てコンクリート,ចកា ់សបត៉ុងសេាើង(សបត៉ុង សចលា ),ចាក់សបត៉ុងសេាើង(សបត៉ុង សចាល),False,29,16
掃く,រោស,រោស,True,46,3
掃除（する）,(ប្វីករា )សមា តា,(ប្វីការ)សមាា ត,False,7,7
接触（する）,(ករា )ប ៉ទះ ងគិ្ច,(ការ)ប ៉ះទង្គិច,False,42,1
控除（する）,(ធ្វើករា )ករា កតា ់ថល្ ៃ,(ធ្វើការ)ការកាត់ថ្លៃ,False,4,1
揃える,រតម្ មឹ,រត្មមឹ,False,42,16
搬入,ករា ែឹកចូល,ការែឹកចូល,False,36,22
搬出,ករា ែឹកឡចញ,ការែឹកឡចញ,False,36,21
操作（する）,(ករា )តប្ រិបរតិករា,(ការ)ត្បរិបរតិការ,False,42,8
支柱,សស េប់,សស េប់,True,47,2
救急箱,បប្ អប់សមបង្ គោ្ហបះ នទន្ទ់,ប្បអប់សមប្ង្ហគ ោះបន្ទទ ន់,False,13,13
救急車,ឡៃា សប្ងគះា បនា ៃា ់,ឡាៃសប្ងាគ ះបនាា ៃ់,False,9,24
数,ចាំនួន,ចាំនួន,True,45,19
数える,របា ់,រាប់,False,43,17
整備（する）,(ករា )ដរៀបចំ ថែសំរលួ,(ការ)ដរៀបចំ ថែសំរលួ,False,42,3
整理,មៃា របបៀប,មាៃរបបៀប,False,7,2
整理整頓,ភរៀបចំ សណតប្ត់ធនប្ល់,ភរៀបចំ សណ្តត ប់ធ្លន ប់,False,18,19
整頓,បរៀបរយ,បរៀបរយ,True,7,3
斜面,ដម្ ល,ដ្មល,False,41,24
旋回,បរ់,បរ់,True,41,16
日付,កលា បរមិចេទ,កាលបរមិចេទ,False,16,19
早退（する）,(ធ្វើករា ) ធេញមុនធេល,(ធ្វើការ) ធេញមុនធេល,False,6,2
昇降階段,ជភ្តើរភ ើងចុ៉ះ,ជភ្តើរភ ើងចុ៉ះ,True,18,15
時間厳守,របកនា ់មពលមវលខា ា បា ់សជនួ,របកាន់មពលមវលាខាា ប់សជ នួ,False,16,17
普通合板,កា បា នាោះធរមតា,កាា បនាោះធរមតា,False,26,12
曲げる,ពត់,ពត់,True,43,14
更衣室,រនទរផ់ ា ស្ល់សធមាៀករំពកា ់,រនទរផ្ល់ ា ស់សធមាៀករំពាក់,False,12,9
最大積載荷重,សមតថភពា នទកុ អតិបរា,សមតថភាពនទកុ អតិបរា,False,18,17
有休,ករា សបម្រ កា មនា បា្រ ក់ ធរៀវតស,ការសប្រមាកមានប្រាក់ ធរៀវតស,False,4,3
服装,សរមលៀ្ ករំពកា ់,សរម្លៀករំពាក់,False,1,14
朝礼,ករា រប ុំមពលរពឹក,ការរប ុំមពលរពឹក,False,16,22
朝顔材,ផា ្ងំ មកៅ្ សកម្ ប្ខ់ករា ពរា,ផ្ា ងំ មក្ៅសក្ម្ខប់ការពារ,False,22,5
束ねる,ចងោច់,ចងោច់,True,46,5
架空線,ខស្ ែមលើ,ខ្សែមលើ,False,22,6
柱主筋,េរសេដែកេេរបម្,េរសេដែកេេរបម្,True,32,17
柱配筋,ោក់េរសេដែកកនគរេេរ,ោក់េរសេដែកកន គរេេរ,False,32,18
梯子,ជេណɱ ̶រɖក់,ជេណ(cid:625)(cid:822)រ(cid:598)ក់,False,21,25
業務,កិចករា,កិចចការ,False,16,16
標識,សញា ្ញ,សញ្ញា,False,10,3
横筋,សរសសដែកឡផតក,សរសសដែកឡផតក,True,34,4
機械,ម៉ា ស ៊ីន,ម៉ា ស ៊ីន,True,1,5
機械を止める,បញឈ្ ប់ម៉ា សា ុីន,បញ្ឈប់មា៉ា សុីន,False,2,11
機械式継手,តុំណឡដយា ម៉ា សា ុី្,តុំណឡដាយមា៉ា សុី្,False,36,24
欠ける,ដែប,ដែប,True,43,5
止めて,ស៊ូរបញឈ្ ប់,ស៊ូរបញ្ឈប់,False,2,13
止める,បញឈ្ ប់,បញ្ឈប់,False,2,10
歩行者,អនកលថមើរល ើង,អនកលថមើរល ើង,True,41,21
死角,ដ ្ ងុ លមើលមិនល ើញ,ដ្ ងុ លមើលមិនល ើញ,False,41,23
残業手当,គា្ ក់ឈនល្ួ ដែមណ ៉ោ ង្,គ្ាក់ឈ្ន លួ ដែមណ ៉ោ ង្,False,3,13
残業（する）,(ធ្វើករា ) ករា ងរា ថែមធា៉ោ ង,(ធ្វើការ) ការងារថែមធា៉ោ ង,False,6,4
気をつける,ខ្ ញំនឹង្រងុ ្រយ័តន,ខ្ ញំនឹង្រងុ ្រយ័តន,True,10,4
気分が悪い,មិនបស្ ួលខលនួ,មិនប្សួលខល នួ,False,13,21
水平器,ផរ្ ៉ាមត្ ្សទង់,ផ្រ៉ាម្ត្សទង់,False,27,23
水漏れ,លលចធា យ្លទឹក,លលចធ្លា យទឹក,False,40,4
汚い,កខ្ វក្ ់្,ក្ខ្វក្់,False,8,10
汚れる,្បលកា ់្,្បលាក្់,False,8,11
油圧ショベル,គតេ្រ ឿងចតក្រ កយា ែីអុីតែ្រ ូ លិក,គត្រេឿងចត្រកកាយែីអុីត្រែូ លិក,False,37,6
油圧シリンダ,ស ៊ីឡាំងអ ៊ីដរ្ លូ ិក,ស ៊ីឡាំងអ ៊ីដ្រលូ ិក,False,40,1
油圧ポンプ,សនប់ប៉ូមអ ៊ីដរ្ លូ ិក,សនប់ប៉ូមអ ៊ីដ្រលូ ិក,False,40,3
油圧モータ,ម៉ូ ទ័រអ ៊ីដរ្ លូ ិក,ម៉ូ ទ័រអ ៊ីដ្រលូ ិក,False,40,2
油漏れ,លលចធា យ្លលដប្ ង,លលចធ្លា យលដ្បង,False,40,5
注意,ករា ករ្ ងុ ករ្ យ័តា,ការក្រងុ ក្រយ័តា,False,1,11
消火,ព្នលត់អគគិ្ ័យ,ព្នលត់អគ្គិ្័យ,False,10,9
消火器,ឧរករណ៍ព្នលត់អគគិ្ ័យ,ឧរករណ៍ព្នលត់អគ្គិ្័យ,False,10,10
深さ,ជមប្ ៅ្,ជម្ប្ៅ,False,44,12
清掃,សមា ត,សមា ត,True,1,9
清潔,សា ត្ថ,ស្ថា ត,False,7,5
渡す,ឆលង្ កតា ់,ឆ្លងកាត់,False,11,24
温度,សីតុណហភ្ ពា,សីតុណ្ហភាព,False,44,6
測る,វសា ់,វាស់,False,42,7
測定（する）,(ករា )វសា ់ វែង,(ការ)វាស់ វែង,False,44,3
準備（する）,(ករា )មរតៀ្,(ការ)មរតៀ្,False,16,20
溶接金網,សុំណញា ់ ដែកផា,សុំណាញ់ ដែកផា,False,35,20
滑車,ឧបករណ៏រ͋ក,ឧបករណ៏រ(cid:843)ក,False,20,11
濡れる,បសើម,បសើម,True,9,21
火,ប្លើង,ប្លើង,True,10,7
火事,អគាិ្ភ័យ,អគ្ាិភ័យ,False,1,12
火気厳禁,ហមា ដចា ់ខតា ប្រើប្លើង,ហាមដាច់ខាតប្រើប្លើង,False,10,1
火災報知機,កណតឹង្រកសា អគគិ្ ័យ,កណតឹង្រកាសអគ្គិ្័យ,False,10,12
災害,ប្គះ្នមហៃតោយ,ប្គ្នះមហៃតោយ,False,9,25
点検事項,កប្ ករា កត្ ួតពិនិតយ,ក្បការក្តួតពិនិតយ,False,23,14
点検（する）,(ករា )តរ្ ួរពិនិរយ,(ការ)ត្រួរពិនិរយ,False,42,4
煙,ផស្ ែង,ផ្សែង,False,10,8
熱中症,ករា ដួលសនលបម់ ោយសរ្ន កមតៅ,ការដួលសនលបម់ ោយស្នរ កមតៅ,False,13,17
燃えないごみ,ស្មមា មិៃប ះ,ស្មាមមិៃប ះ,False,8,13
燃えるごみ,ស្មមា ប ះ,ស្មាមប ះ,False,8,14
燃料,គតប្រ ងឥណឌន:,គត្របងឥណឌន:,False,39,23
燃料タンク,ធ ងឥនធនៈ,ធ ងឥនធនៈ,True,40,8
片づける,បរៀបចាំ,បរៀបចាំ,True,8,8
玉掛け,ចំណងTamagake,ចំណងTamagake,True,24,21
現場,កផន្ លងករា ងរ្ក,កផ្នលងការង្ករ,False,10,14
生活指導員,អនក្ បងា តា ប់ ធមង្រ ៀនេីករា រស់ធៅ,អ្នកបងាា តប់ ធម្រងៀនេីការ រស់ធៅ,False,6,11
申請書,ពកា ែបសនើសុំ,ពាកែបសនើសុំ,False,11,25
異形棒鋼,ឧបករណ៏ពងរ្ ឹរបបតុរ របូ ររា ពិបេេ,ឧបករណ៏ពង្រឹរបបតុរ របូ រារពិបេេ,False,31,1
白,ស,ស,True,45,27
監理団体,អងគភ្ ពា គរ្ ប់គរ្ ង្,អង្គភាពគ្រប់គ្រង្,False,3,1
目地棒,ំបូងោក់កចា ់ម ្ ងុ,ំបូងោក់កាច់ម្ ងុ,False,26,18
直交クランプ,ដងȠ ̮ំɖក់ʰតង់,ដង(cid:544)(cid:814)ំ(cid:598)ក់(cid:688)តង់,False,19,8
相談（する）,(ប្វើករា )ពិ្ភកា ា,(ប្វើការ)ព្ិភាកា,False,11,23
研修（する）,(ប្វើករា )កមសិកា,(ប្វើការ)កមមសិកា,False,10,17
硬さ,ភពា រងឹ,ភាពរងឹ,False,44,11
確認（する）,(ប្វើករា )រញា ក្ញ ់,(ប្វើការ)រញ្ញា ក់,False,11,20
社会保険,ធនា រា ៉ារា ់រងសងគម,ធានារា៉ារ់រងសងគម,False,5,13
社員,រុគគល្ កិ បក្ មុ ហ ុន,រុគ្គលកិ ប្កមុ ហ ុន,False,12,6
禁止,ហមា,ហាម,False,13,1
禁止事項,បប្ ករា ហមា ឃតា ់,ប្បការហាមឃាត់,False,13,3
禁煙,ហមា ជក់បារី,ហាមជក់បារី,False,17,2
移動式クレーン,ʤ៉សុីនសɼ ̱ចចល័ត,(cid:676)៉សុីនស(cid:636) (cid:817)ចចល័ត,False,20,13
税金,ពនធ,ពនធ,True,4,7
積む,លទកុ,លទកុ,True,43,19
積載荷重,េងន់ចំណុ ះដក្ឋ ់,េងន់ចំណុ ះដ្ឋក់,False,23,15
空気圧,សមា ធសយល់,សមា ធសយល់,True,40,10
立入禁止,ហមា ចូល,ហាមចូល,False,17,1
筋かい止めピン,Ȝɻ ស់ʟȼ ប់ឧបករណ៏ ɖក់ចេʇʵ ះសសរ,(cid:540)(cid:635)ស់(cid:671)(cid:572) ប់ឧបករណ៏ (cid:598)ក់ចេ(cid:647)(cid:693) ះសសរ,False,20,16
終業時間,ធា៉ោ ងបញចប្ ់ករា ងរា,ធា៉ោ ងបញ្ចប់ការងារ,False,6,9
組立,តមេលើង,តមេលើង,True,23,18
絆創膏,បនទោបះ ិទមលើសា ម្នរបួស,បនទោះបិទមលើស្នា មរបួស,False,13,14
結ぶ,ចង្,ចង្,True,42,17
結束工具,ឧបករណ៏រតឹ ចរ,ឧបករណ៏រតឹ ចរ,True,31,3
結束線,ដសែរតឹ ចំណរ,ដសែរតឹ ចំណរ,True,31,2
給与明細,បងា នា ន់ ែណបើកគា្ ក់ ណបៀវតស,បងាា នន់ ែណបើកគ្ាក់ ណបៀវតស,False,3,11
給料,គា្ ក់ណបៀវតស,គ្ាក់ណបៀវតស,False,3,12
縛る,ចងជ្ បា ់,ចង្ជាប់,False,42,15
縦筋,សរសសដែកបញឈ្ រ,សរសសដែកបញ្ឈរ,False,34,2
耳栓,ឆនុក្ រតមចៀក,ឆ្ន ុករតមចៀក,False,15,13
職種,គប្ ណេទ្យមុខរបរ,គ្បណេទ្យមុខរបរ,False,3,4
職長,អែកដឹកនំាបក្ មុ,អែកដឹកនាំប្កមុ,False,12,19
脚柱ジョイント,តំណេជ̶ង,តំណេជ(cid:822)ង,False,20,17
脚立,ជមណតើរមកងា,ជមណតើរមកាង,False,22,9
腹筋,សរសសដែកដកា ់ទទឹង,សរសសដែកដាក់ទទឹង,False,34,5
自在クランプ,ដងȠ ̮ំេសរ̡,ដង(cid:544)(cid:814)ំេសរ(cid:801),False,19,5
落ちる,្្ះរ,្្ះរ,True,8,18
落下（する）,(ករា )ធា ក្ល់,(ការ)ធ្លា ក់,False,14,14
血,ឈមា,ឈាម,False,13,16
衛生,អនមា ័យ,អនាម័យ,False,9,22
表示板,ផទង្ាំ បងា ញ្ហព័ត៍មនា,ផ្ទ ងាំ បង្ហា ញព័ត៍មាន,False,13,2
表面,ផទ្ ខង្នមុខ្,ផ្ទទខ្នងម្ុខ,False,44,13
補給（する）,(ោរ)បខន្ ថម,(ោរ)បខ្នថម,False,41,19
製造,ករា ផលិត,ការផលិត,False,1,4
規則,ប បញា ្ជ,ប បញ្ជា,False,6,6
親綱,ខស្ ែពួរមេ,ខ្សែពួរមេ,False,22,1
親綱支柱,ʰបព័នʀែខˍសុវតɶិʟព,(cid:688)បព័ន(cid:640)ែខ(cid:717)សុវត(cid:630)ិ(cid:671)ព,False,21,23
角度,ម,មុុំ,False,35,11
解体する（バラス）,ករា បំ បបក,ការបំ បបក,False,30,24
触る,សា ប្ទ,ស្ទា ប,False,42,14
計測器,នឡា ិកវា សា ់សទង់,នាឡិកាវាស់សទង់,False,44,5
計測（する）,(ករា )វសា ់,(ការ)វាស់,False,44,4
誤差,ភពា ខុសគា ្ន,ភាពខុសគ្នា,False,45,20
課長,បរ្ ធនា ការយិ លា យ័,ប្រធានការយាិ លយ័,False,12,8
調子,ចលនកនុងសលនួ,ចលនកន ុងសល នួ,False,16,26
調整（する）,(ករា )ថកសំរលួ,(ការ)ថកសំរលួ,False,42,19
警報設備,កផល្ លងចុចបប្ កសា អសា លន,កផ្លលងចុចប្បកាសអាសលន,False,17,10
警報音,សធមាងបរ្ កសា អសា នែ,សធមាងប្រកាសអាសនែ,False,12,14
資格,សមតថភ្ ពា (ជំនញា ),សមត្ថភាព(ជំនាញ),False,12,4
赤,បក្ ហម្,ប្កហម្,False,45,26
走行,លបើកបរ,លបើកបរ,True,41,15
足がつる,សាំយ ុងមជើង,សាំយ ុងមជើង,True,13,20
足もと注意,បប្ យ័តនប ៉ភះជើង,ប្បយ័តនប ៉ះភជើង,False,17,5
足をくじく,គរ្ ិចរ ើង,គ្រិចរ ើង,False,46,6
足元,មជើងមបក្ មា,មជើងមប្កាម,False,13,10
蹴上げ,កំពេ់ជំហៃា កជំា សណាើរ,កំពេ់ជំហាៃកាជំ សណាើរ,False,29,11
蹴込み,បនែកខងា កនគងសៅកំជា សណាើរ,បនែកខាងកន គងសៅកាំជសណាើរ,False,29,12
車両,រថយនត,រថយនត,True,41,22
転ぶ,ែួល,ែួល,True,9,20
転倒（する）,(ករា )ដួល,(ការ)ដួល,False,13,8
転圧（する）,(ោរ)រលមៀល,(ោរ)រលមៀល,True,41,25
転落（する）,(ករា )រេិលធា ក្ល់,(ការ)រេិលធ្លា ក់,False,14,9
軽油,គតប្រ ងតស្រ ល្ក(ម៉ា សូ រ),គត្របងត្រស្កល(ម៉ា សូ រ),False,39,24
近づく,ចៅជិត,ចៅជិត,True,43,6
逃げる,រត់បគច្,រត់បគ្ច,False,10,13
通り,នលវូ លំ,នល វូ លំ,False,29,10
通りを見る,ពិនិតយផលវូ ថនល្ ់,ពិនិតយផល វូ ថ្នល់,False,23,17
連結ピン,Ȝʅ ស់តʟȼ ប់,(cid:540)(cid:645)ស់ត(cid:671)(cid:572) ប់,False,20,18
連絡（する）,(ប្វើករា )ទកា ់ទង,(ប្វើការ)ទាក់ទង,False,11,22
遅刻（する）,(ធ្វើករា ) មកយឺត,(ធ្វើការ) មកយឺត,False,6,1
運ぶ,ចលើក,ចលើក,True,43,18
運転（する）,(ករា )ដបើកបរ,(ការ)ដបើកបរ,False,42,6
避難訓練,ហវកឹ្ ហតា ់ជមមលៀសមេញ,ហ្វកឹ ហាត់ជមមលៀសមេញ,False,13,4
避難（する）,(ប្វីករា )្បមែៀស,(ប្វីការ)្បមែៀស,False,9,23
部長,បរ្ ធនា ផន្ ែក,ប្រធានផ្នែក,False,12,7
配力筋,សរសសដែកដកា ់ឈរនត្ ង់,សរសសដែកដាក់ឈរន្តង់,False,34,6
配筋検査,ករា នត្ ួតពិ្ិតយករា ដកា ់ សរសសដែក,ការន្តួតពិ្ិតយការដាក់ សរសសដែក,False,36,25
配筋詳細図,បលរ់លំអិតោក់េរសេដែក,បលរ់លំអិតោក់េរសេដែក,True,32,13
重さ,ទមងន្ ់,ទម្ងន់,False,44,9
重ね継手,តុំណជ្ា ់គា ្ន,តុំណជា្់គ្នា,False,35,17
釘仕舞い,េំរលួ បែកសោល,េំរលួ បែកសោល,True,28,6
鉄筋,សរសសផ ្ ក,សរសសផ្ ក,False,25,5
鉄筋切断機,ម េុ៊ីនកតា ់េរសេដែក,ម េុ៊ីនកាត់េរសេដែក,False,31,4
鉄筋径,វជិ ាមនា ត្ សរសសដែក,វជិ ាមាន្តសរសសដែក,False,34,9
鉄筋曲げ加工機,ម េុ៊ីនពត់េរសេដែក,ម េុ៊ីនពត់េរសេដែក,True,31,5
長さ,បរ្ វែង,ប្រវែង,False,44,8
閉じる,បិទ,បិទ,True,42,20
開口補強筋,េរសេដែកពងរ្ ឹរដនែក បបើកចំ រ,េរសេដែកពង្រឹរដនែក បបើកចំ រ,False,32,14
開口部,ដផាកឡបើកចុំហរ,ដផាកឡបើកចុំហរ,True,35,19
開口部注意,បប្ យ័តនផន្ កភបើកចំហ,ប្បយ័តនផ្ននកភបើកចំហ,False,17,6
開放厳禁,ហមា ដចា ់ខតា បរើកចំហ,ហាមដាច់ខាតបរើកចំហ,False,10,2
防ぐ,រងា រ្ក,រង្កា រ,False,10,6
防止（する）,(ករា )ករា ពរា,(ការ)ការពារ,False,13,6
防音パネル,ផា ្ងំ ប់សមេលង,ផ្ា ងំ ប់សមេលង,False,22,4
集める,តប្ មូល,ត្បមូល,False,42,13
雇用保険,ធនា រា ៉ារា ់រងករា ងរា,ធានារា៉ារ់រងការងារ,False,4,11
雇用契約,កិចេសនាករា ងរា,កិចេសនាការងារ,False,3,10
離れる,ឃែត្លចេញ,ឃ្លែ តចេញ,False,43,21
電動のこ（丸のこ）,ʤ៉សុីនរɮរ,(cid:676)៉សុីនរ(cid:622)រ,False,20,21
電動丸のこ（電のこ）,រណមា ៉ា សុ៊ីន(ស ង ណូ កូ ),រណាម៉ា សុ៊ីន(ស ង ណូ កូ ),False,25,7
電工ドラム（ドラム）,ផខ្ ែ្ ស្ែើងរំផវ្ ង( ូ រ៉ារ រ ុ ),ផ្ខ្ែស្ែើងរំផ្វង( ូ រ៉ារ រ ុ ),False,25,6
電気,អគគីស្ នី,អគ្គីសនី,False,12,13
電源,ចរនតអគគិសនី,ចរនតអគគិសនី,True,2,4
電源を入れる,ចបើកថមា ពលច្ែើង,ចបើកថាមពលច្ែើង,False,43,7
電源を切る,បិទចរនតអគគិសនី,បិទចរនតអគគិសនី,True,2,5
電源を落とす,បិទថមា ពលច្ែើង,បិទថាមពលច្ែើង,False,43,8
青,មខ្ ៀែ,ម្ខៀែ,False,45,25
非常ベル,កណតឹងអសា នន,កណតឹងអាសនន,False,10,11
非常停止ボタン,ប៊ូ តុង្ បញឈ្ ប់ពពល អសា នន,ប៊ូ ត្ុងបញ្ឈប់ពពល អាសនន,False,2,6
非常停止ボタンを押す,ចុចប៊ូ តុង្ បញឈ្ ប់ពពល អសា នន,ចុចប៊ូ ត្ុងបញ្ឈប់ពពល អាសនន,False,2,7
非常口,ផលវូ ោសនា,ផល វូ ោសនា,False,1,10
面一,មោយនផាទងំ ពីរមសមើរន,មោយនផាទងំ ពីរមសមើរន,True,23,13
面木,ស ើបសងាើត្សលទរុខស្ ៅម ្ ងុ,ស ើបសងាើត្សលទរុខ្សៅម្ ងុ,False,26,14
頭上注意,បប្ យ័តនភលើកាល,ប្បយ័តនភលើកាល,False,17,9
養生,រ៉ុព័រធ,រ៉ុុំព័រធ,False,30,20
駐車禁止,ហមា ចត,ហាមចត,False,17,4
駐車（する）,(ោរ)ចររថយនត,(ោរ)ចររថយនត,True,41,20
高さ,កាំពស់,កាំពស់,True,44,7
高さ（タッパ）,កំពេ់,កំពេ់,True,28,8
黄色,មល្ ឿង,ម្លឿង,False,45,28
